{
  "content_coverage": 1.0,
  "semantic_quality": {
    "precision": 0.8906634336239413,
    "recall": 0.8461302619427443,
    "f1": 0.867825909684866
  },
  "flashcard_count": 19,
  "entity_count": 19
}