Metric,Score
Content Coverage,1.0
Semantic Precision,0.8906634336239413
Semantic Recall,0.8461302619427443
Semantic F1,0.867825909684866
