Metric,SentenceTransformer,Gemini
Content Coverage,0.18181818181818182,0.95
Semantic Precision,0.6281890826565879,0.9879999999999999
Semantic Recall,0.6281890826565879,0.905
Semantic F1,0.6281890826565879,0.9406000000000001
