Metric,Score
Content Coverage,0.18181818181818182
Semantic Precision,0.6281890826565879
Semantic Recall,0.6281890826565879
Semantic F1,0.6281890826565879
