{
  "content_coverage": 0.18181818181818182,
  "semantic_quality": {
    "precision": 0.6281890826565879,
    "recall": 0.6281890826565879,
    "f1": 0.6281890826565879
  },
  "flashcard_count": 22,
  "entity_count": 22
}