{
  "content_coverage": 0.95,
  "semantic_quality": {
    "precision": 0.9879999999999999,
    "recall": 0.905,
    "f1": 0.9406000000000001
  },
  "flashcard_count": 22,
  "entity_count": 22
}