Metric,Score
Content Coverage,0.9
Semantic Precision,0.9933333333333333
Semantic Recall,0.9400000000000001
Semantic F1,0.9666666666666667
